City,Cloudiness,Country,Date,Max Temp,Wind Speed,Lat,Lng,Humidity
San Juan,20,PH,1552233226,80.6,3.22,14.6,121.03,65
Busselton,0,AU,1552232816,62.01,17.2,-33.64,115.35,54
Rikitea,64,PF,1552232861,75.68,9.82,-23.12,-134.97,100
Paamiut,12,GL,1552232989,27.22,26.08,61.99,-49.67,100
Yekaterinoslavka,92,RU,1552233381,21.86,11.1,54.34,72.46,80
Castro,0,CL,1552230000,71.6,3.36,-42.48,-73.76,53
Grindavik,0,IS,1552231800,35.6,5.82,63.84,-22.43,64
Hithadhoo,0,MV,1552232931,84.05,3.22,-0.6,73.08,100
Albany,90,US,1552232851,37,8.05,42.65,-73.75,80
Te Anau,48,NZ,1552233265,44.95,2.33,-45.41,167.72,90
Punta Arenas,20,CL,1552232590,60.8,27.51,-53.16,-70.91,48
Zavallya,0,UA,1552233385,45.8,22.35,48.21,30.02,51
Tateyama,92,JP,1552233302,51.01,2.1,36.66,137.31,94
Namibe,0,AO,1552233386,80.59,11.83,-15.19,12.15,100
Ladario,12,PT,1552233303,66,4,40.7,-7.74,81
Thompson,75,CA,1552230000,-5.81,9.17,55.74,-97.86,70
Poum,0,MK,1552233389,55.88,3,41.28,20.71,45
Hambantota,0,LK,1552230600,78.8,3.36,6.12,81.12,88
Vila Velha,40,BR,1552232894,87.8,9.17,-3.71,-38.6,66
Enterprise,90,US,1552233212,78.01,4.7,31.32,-85.86,100
Pandan Niog,0,PH,1552233390,81.49,5.39,6.23,120.56,100
Presidencia Roque Saenz Pena,12,AR,1552233390,74.06,12.44,-26.79,-60.44,87
Vaini,20,IN,1552232862,78.52,4.56,15.34,74.49,57
Nurota,8,UZ,1552230000,50,13.87,40.56,65.69,61
Teya,75,MX,1552232749,86,21.92,21.05,-89.07,62
Mataura,12,NZ,1552232404,55,3.78,-46.19,168.86,87
Ilhabela,76,BR,1552232815,79.6,17.58,-23.78,-45.36,100
Mbini,20,GQ,1552230000,86,11.41,1.58,9.62,79
Isangel,80,VU,1552233395,77.93,13.33,-19.55,169.27,100
Port Alfred,92,ZA,1552232694,69.01,5.01,-33.59,26.89,86
Panama City,1,US,1552233134,81,12.75,30.16,-85.65,88
Puerto Ayora,20,EC,1552230000,80.6,5.82,-0.74,-90.35,74
Harper,90,US,1552233318,66.99,9.17,30.3,-99.24,68
Honningsvag,24,NO,1552233396,24.43,6.62,70.98,25.97,100
Beya,12,RU,1552233396,14.26,1.81,53.05,90.92,72
Ushuaia,40,AR,1552230000,60.8,11.41,-54.81,-68.31,59
Talcahuano,75,CL,1552230000,64.4,11.41,-36.72,-73.12,72
Tasiilaq,24,GL,1552229400,23,1.12,65.61,-37.64,49
Hofn,75,IS,1552230000,32,14.99,64.25,-15.21,100
Pangody,80,RU,1552233324,21.82,9.26,65.85,74.49,83
Kapaa,75,US,1552232702,71.6,13.87,22.08,-159.32,78
Port Elizabeth,90,US,1552232857,53.01,6.93,39.31,-74.98,93
Rupert,1,US,1552229580,26.6,13.87,42.62,-113.68,85
La Palma,20,CO,1552233440,77.53,2.26,5.36,-74.39,70
Kavieng,76,PG,1552233440,80.36,10.38,-2.57,150.8,100
Alice Springs,0,AU,1552230000,82.4,7.25,-23.7,133.88,24
Bay Roberts,24,CA,1552232900,28.99,5.01,47.58,-53.28,68
Brewster,90,US,1552233431,37.99,19.46,41.76,-70.08,93
Soe,48,EE,1552233089,33.8,8.05,57.91,26.05,80
Arraial do Cabo,0,BR,1552230000,89.6,13.87,-22.97,-42.02,74
East London,75,ZA,1552232400,69.8,17.22,-33.02,27.91,88
Dikson,68,RU,1552233442,8.14,14.9,73.51,80.55,86
Cape Town,75,ZA,1552232850,68,8.05,-33.93,18.42,82
Barrow,0,AR,1552232930,72.04,7.85,-38.31,-60.23,49
Ewa Beach,1,US,1552233191,73.4,6.93,21.32,-158.01,68
Ponta Delgada,75,PT,1552230000,64.4,10.29,37.73,-25.67,82
Zhangjiakou,0,CN,1552233443,26.36,10.65,40.77,114.88,73
Torbay,36,CA,1552232900,28.99,8.99,47.66,-52.73,69
Lebu,20,ET,1552230000,75.2,11.41,8.96,38.73,27
Orizona,8,BR,1552233443,83.2,6.35,-17.03,-48.3,80
Nikolskoye,40,RU,1552232766,39,13.42,59.7,30.79,86
Faanui,20,PF,1552233444,81.71,7.4,-16.48,-151.75,100
Grand Gaube,40,MU,1552233248,78.8,3.36,-20.01,57.66,78
Mecca,44,SA,1552233444,83.6,8.59,21.43,39.83,35
Shimoda,75,JP,1552232412,51.8,25.28,34.7,138.93,93
Myanaung,0,MM,1552233448,76,8.03,18.28,95.32,46
Ortigueira,75,ES,1552233005,57.99,6.93,43.68,-7.85,76
Pangnirtung,64,CA,1552232984,-13.47,3.38,66.15,-65.72,82
Hami,0,CN,1552233448,32.71,5.39,42.84,93.51,48
Haines Junction,76,CA,1552233448,24.25,8.63,60.75,-137.51,72
Namatanai,92,PG,1552233449,75.5,9.93,-3.66,152.44,100
Jalu,0,LY,1552233449,80.9,6.24,29.03,21.55,24
Bredasdorp,100,ZA,1552232775,69.8,20.8,-34.53,20.04,64
Berlevag,40,NO,1552229400,15.8,11.41,70.86,29.09,85
Nuevo Imperial,20,PE,1552233449,73.75,2.48,-13.08,-76.32,78
Klaebu,20,NO,1552233318,30.99,4.7,63.3,10.48,54
Hobart,40,AU,1552232840,57.2,3.36,-42.88,147.33,76
Talnakh,80,RU,1552233450,12.23,24.4,69.49,88.39,83
Sao Filipe,0,CV,1552233450,72.94,15.3,14.9,-24.5,87
Rong Kwang,0,TH,1552233450,71.86,2.37,18.34,100.32,71
Riberalta,75,BO,1552230000,78.8,9.17,-11,-66.08,94
Ponta do Sol,0,BR,1552233451,87.07,9.15,-20.63,-46,56
Broken Hill,56,AU,1552230000,80.6,8.05,-31.97,141.45,36
Salmo,0,CA,1552233102,21.99,1.01,49.19,-117.28,77
Zhigansk,80,RU,1552233451,7.01,3.33,66.77,123.37,76
Mar del Plata,0,AR,1552232866,79.96,8.75,-46.43,-67.52,32
Kodiak,1,US,1552232920,35.01,14.99,39.95,-94.76,39
Ribeira Grande,75,PT,1552230000,64.4,5.82,38.52,-28.7,82
Butaritari,80,KI,1552232926,81.76,11.83,3.07,172.79,100
Lasa,40,CY,1552232787,62.6,8.05,34.92,32.53,72
Taksimo,24,RU,1552233500,6.83,4.5,56.36,114.84,41
Brooks,0,CA,1552233501,-2.85,3,50.57,-111.89,45
Saint-Philippe,90,CA,1552233406,33.8,12.75,45.36,-73.48,92
Scarborough,80,GB,1552233482,42.8,20.8,54.28,-0.41,75
Atuona,8,PF,1552232985,82.03,12.06,-9.8,-139.03,100
Astoria,1,US,1552233214,37.99,3.36,46.19,-123.83,92
Sisimiut,44,GL,1552233383,3.28,1.77,66.94,-53.67,80
Avarua,76,CK,1552230000,78.8,5.82,-21.21,-159.78,88
Airai,56,TL,1552232986,68.93,0.69,-8.93,125.41,85
North Platte,1,US,1552233314,25,4.05,41.12,-100.77,78
Broome,75,GB,1552233485,48.99,31.09,52.47,1.45,80
Lingao,64,CN,1552233508,68.35,7.4,19.91,109.69,96
Wanning,75,AT,1552233467,57.99,23.04,48.64,13.53,62
Nanortalik,36,GL,1552232930,27.98,9.6,60.14,-45.24,100
Adrar,20,DZ,1552230000,77,25.28,27.87,-0.29,22
Smolensk,92,RU,1552233474,39.1,9.64,54.79,32.05,94
Tutoia,40,BR,1552230000,87.8,9.17,-2.76,-42.27,58
Viedma,0,AR,1552233277,76.18,10.83,-40.81,-62.99,32
Longyearbyen,20,NO,1552229400,1.4,4.7,78.22,15.63,64
Chapais,90,CA,1552230000,15.8,20.8,49.78,-74.86,47
Newry,40,GB,1552233096,42.8,27.51,54.18,-6.34,69
Qidong,0,CN,1552233303,50,4.56,31.81,121.66,89
Aklavik,20,CA,1552230000,17.6,4.7,68.22,-135.01,84
Yellowknife,20,CA,1552232723,6.01,12.75,62.45,-114.38,84
Kibala,0,TD,1552233511,101.11,9.15,9.11,18.35,16
Aginskoye,0,RU,1552232979,17.01,8.99,51.11,114.54,57
Great Yarmouth,75,GB,1552233452,46.99,31.09,52.61,1.73,80
Esperance,40,TT,1552232892,86,16.11,10.24,-61.45,55
Tuktoyaktuk,40,CA,1552230000,3.2,8.05,69.44,-133.03,84
Lompoc,56,US,1552232872,48.99,3.36,34.64,-120.46,93
Owando,56,CG,1552233512,92.29,3.27,-0.49,15.91,49
Assiniboia,64,CA,1552233513,9.4,4.27,49.63,-105.99,58
Upernavik,20,GL,1552232931,-2.85,9.86,72.79,-56.15,100
Bilibino,8,RU,1552233513,-17.52,2.37,68.06,166.44,71
Adre,0,TD,1552233513,92.2,5.28,13.47,22.2,15
Bethel,90,US,1552229760,35.6,9.17,60.79,-161.76,95
Port-Cartier,75,CA,1552230000,19.4,10.29,50.03,-66.88,62
Sungairaya,12,ID,1552233514,76.99,2.1,0.7,108.9,90
Port Lincoln,88,AU,1552233514,65.11,6.13,-34.72,135.86,96
San Cristobal,75,EC,1552232799,64.4,2.24,-0.39,-78.55,68
Sistranda,75,NO,1552233277,30.99,3.36,63.73,8.83,50
Bhikangaon,0,IN,1552233560,73.93,4.9,21.87,75.96,38
Bambous Virieux,40,MU,1552232948,78.8,3.36,-20.34,57.76,78
Henties Bay,0,NA,1552230180,68,14,-22.12,14.28,77
Gurupi,24,BR,1552233443,82.12,6.58,-11.73,-49.07,98
Pachino,0,IT,1552229400,64.4,5.82,36.72,15.09,52
Cidreira,92,BR,1552233561,72.49,12.1,-30.17,-50.22,83
Hualmay,0,PE,1552233561,79.91,5.39,-11.1,-77.61,69
Bluff,0,AU,1552232984,77.3,10.04,-23.58,149.07,61
Provideniya,80,RU,1552233562,19.21,34.43,64.42,-173.23,100
Coquimbo,0,CL,1552230000,68,10.29,-29.95,-71.34,60
Woodward,1,US,1552232771,36,12.75,36.43,-99.39,55
Hermanus,92,ZA,1552232834,69.01,10,-34.42,19.24,72
Hilo,75,US,1552233550,66.2,8.05,19.71,-155.08,88
Kangaba,0,ML,1552233563,94.45,9.64,11.94,-8.41,24
Taganak,75,PH,1552230000,82.4,6.93,6.08,118.3,83
Lesogorskiy,75,RU,1552233536,33.01,8.05,61.05,28.93,79
Sajanan,0,TN,1552230000,64.4,6.93,37.06,9.24,55
Saint George,0,GR,1552231200,75.2,8.05,39.45,22.34,42
Binzhou,76,CN,1552232880,45,5.99,37.38,117.96,86
Bundaberg,36,AU,1552233005,78.01,4.7,-24.87,152.35,88
Panguna,64,PG,1552233564,75.82,3.38,-6.32,155.48,94
Kenai,90,US,1552233423,36,6.93,60.55,-151.26,80
Najran,0,SA,1552230000,75.2,11.41,17.54,44.22,19
Jamestown,48,AU,1552233566,65.74,5.84,-33.21,138.6,83
Abu Samrah,44,SY,1552233566,59.75,10.38,35.3,37.18,64
Orapa,20,BW,1552233569,93.86,8.08,-21.28,25.37,22
Victoria,90,BN,1552230000,78.01,2.48,5.28,115.24,94
Tuatapere,32,NZ,1552233004,55,4.61,-46.13,167.69,88
Aykhal,56,RU,1552233570,1.84,7.63,65.95,111.51,64
Luganville,92,VU,1552233571,79.24,4.34,-15.51,167.18,100
Saskylakh,48,RU,1552233571,-9.78,11.05,71.97,114.09,68
Requena,0,ES,1552233545,77,9.17,39.49,-1.1,33
Port Hawkesbury,1,CA,1552233533,30.99,11.41,45.62,-61.36,57
Rokytne,68,UA,1552233572,41.48,19.22,51.27,27.23,79
Kermanshah,75,IR,1552230000,53.6,5.91,34.32,47.07,32
Havoysund,20,NO,1552233000,21.2,5.82,71,24.66,85
Portland,1,US,1552233373,36,6.93,45.52,-122.67,64
Stephenville,90,US,1552233371,57,10.29,32.22,-98.2,57
Georgetown,75,GY,1552230000,87.8,16.11,6.8,-58.16,70
Voi,24,KE,1552233573,86.89,8.86,-3.4,38.57,27
Ouesso,0,CG,1552233573,90.22,2.26,1.61,16.05,55
Ranau,75,MY,1552233017,78.8,4.7,5.95,116.67,88
Jaleswar,32,IN,1552233574,80.86,9.93,21.8,87.22,70
Carnarvon,0,ZA,1552233620,76.63,18.1,-30.97,22.13,19
San Patricio,12,PY,1552233620,77.62,5.61,-26.98,-56.83,73
Ferrol,75,ES,1552233606,57.99,6.93,43.48,-8.23,76
Saldanha,8,PT,1552233621,65.56,9.08,41.42,-6.55,48
Awjilah,0,LY,1552233621,80.18,6.73,29.14,21.3,27
Karpathos,20,GR,1552231200,64.4,11.41,35.51,27.21,68
Lavrentiya,80,RU,1552233622,22.4,38.72,65.58,-170.99,98
Caravelas,0,BR,1552233622,83.83,10.27,-17.73,-39.27,100
Souillac,20,FR,1552233610,57.2,18.34,45.6,-0.6,50
North Myrtle Beach,20,US,1552233615,80.01,13.87,33.83,-78.68,82
Sorland,20,NO,1552233000,32,11.41,67.67,12.69,100
Tobolsk,88,RU,1552233623,33.38,11.43,58.2,68.25,92
Sitka,12,US,1552233623,35.63,6.24,37.17,-99.65,60
Kalmunai,0,LK,1552233624,75.28,5.5,7.42,81.82,95
Tiksi,0,RU,1552233624,-28.27,2.77,71.64,128.87,0
Magnolia,1,US,1552233177,57.99,4.7,33.27,-93.24,66
Marzuq,0,YE,1552233625,74.51,4.83,14.4,46.47,30
Chokurdakh,76,RU,1552233625,-7.62,3.11,70.62,147.9,61
Vila,20,IT,1552233624,66.99,3.36,45.18,8.4,52
Bonthe,0,SL,1552233626,88.28,5.39,7.53,-12.5,71
Omsukchan,68,RU,1552233626,-8.2,2.71,62.53,155.8,71
La Ronge,5,CA,1552230000,-7.61,2.48,55.1,-105.3,76
Bathsheba,40,BB,1552230000,84.2,23.04,13.22,-59.52,62
Pevek,0,RU,1552233627,-19.95,2.71,69.7,170.27,85
Cabedelo,40,BR,1552230000,87.8,11.41,-6.97,-34.84,62
Carballo,75,ES,1552233606,59,6.93,43.21,-8.69,76
Jamsa,75,FI,1552233451,26.01,5.82,61.86,25.19,73
Zambezi,48,ZM,1552233628,86.3,1.21,-13.55,23.12,52
Sikeston,1,US,1552233300,46.99,4.7,36.88,-89.59,65
Tiznit,0,MA,1552233629,72.13,5.79,29.7,-9.73,53
Victoria Falls,20,ZW,1552233629,87.43,3.27,-17.93,25.84,43
Xapuri,75,BR,1552230000,77,9.17,-10.65,-68.5,88
Lugazi,20,UG,1552231800,78.8,11.41,0.37,32.94,69
Tikrit,44,IQ,1552233632,63.71,5.35,34.62,43.68,29
Rawson,0,AR,1552233633,82.43,13.96,-43.3,-65.11,23
Inta,88,RU,1552233633,29.78,6.4,66.04,60.13,90
Yantal,76,RU,1552233633,16.15,6.8,56.85,105.25,59
Margate,40,AU,1552233617,57.2,3.36,-43.03,147.26,76
Tynda,32,RU,1552233634,8.32,2.48,55.15,124.74,67
Meadow Lake,20,CA,1552230000,-13.01,4,54.13,-108.44,75
Cherskiy,56,RU,1552233634,-7.53,1.59,68.75,161.3,60
Liuhe,76,CN,1552233634,27.98,2.21,42.28,125.73,75
Mitsamiouli,75,KM,1552230000,82.4,16.11,-11.38,43.28,88
Verkhnyaya Inta,88,RU,1552233635,27.35,4.34,65.99,60.32,89
Tucano,0,BR,1552233472,92.33,6.02,-10.96,-38.79,42
Juquitiba,75,BR,1552230000,82.4,10.29,-23.93,-47.07,65
Omura,32,JP,1552233355,55,27,32.92,129.95,87
Thai Binh,90,VN,1552230000,68,5.82,20.45,106.33,82
Arlit,12,NE,1552233681,90.31,4.56,18.74,7.39,32
Hamilton,20,BM,1552233217,68,9.17,32.3,-64.78,60
Qaqortoq,0,GL,1552229400,30.2,3.36,60.72,-46.03,54
Villa Literno,75,IT,1552233664,60.01,9.17,41.01,14.08,82
Mahebourg,40,MU,1552233548,78.8,3.36,-20.41,57.7,78
Deputatskiy,48,RU,1552233682,-15.27,2.77,69.3,139.9,63
Geraldton,90,CA,1552230000,24.8,8.05,49.72,-86.95,53
Nuuk,56,GL,1552229400,23,14.99,64.17,-51.74,79
Watrous,0,CA,1552233682,-7.39,3.04,51.67,-105.46,43
Cangzhou,92,CN,1552233683,43.06,13.44,38.3,116.85,100
Alofi,56,NU,1552230000,75.2,4.7,-19.06,-169.92,94
Fairbanks,1,US,1552233520,37.4,6.93,64.84,-147.72,47
Jinchang,8,CN,1552233683,15.83,3.22,38.52,102.19,66
Lawrenceville,90,US,1552233625,62.01,4.7,33.96,-83.99,87
Tura,0,IN,1552233683,63.49,1.54,25.52,90.21,77
Itaituba,40,BR,1552230000,87.8,3.38,-4.26,-55.99,66
Flinders,64,AU,1552233628,79,5.12,-34.58,150.85,88
Sur,0,OM,1552233684,69.38,16.31,22.57,59.53,98
Oranjestad,20,AW,1552230000,86,26.4,12.52,-70.03,62
Chuy,0,UY,1552233688,72.35,15.97,-33.69,-53.46,82
Formosa do Rio Preto,24,BR,1552233688,87.38,5.23,-11.04,-45.19,68
Porto Novo,75,BR,1552230000,82.4,5.82,-23.68,-45.44,65
Lauria,48,IT,1552233548,60.01,8.99,40.05,15.84,49
Dongsheng,12,CN,1552233689,45.58,3.89,29.72,112.52,78
Turukhansk,80,RU,1552233689,16.46,21.05,65.8,87.96,80
Malindi,75,KE,1552230000,84.2,18.34,-3.22,40.12,70
Hovd,40,NO,1552233672,33.01,4.7,63.83,10.7,58
New Norfolk,40,AU,1552233676,57.2,3.36,-42.78,147.06,76
Oksfjord,20,NO,1552233654,18,6.93,70.24,22.35,72
Slave Lake,1,CA,1552230000,3.2,5.82,55.28,-114.77,91
Takoradi,12,GH,1552233690,85.58,8.93,4.89,-1.75,91
Hasaki,75,JP,1552232975,55.4,10.29,35.73,140.83,93
Kavaratti,0,IN,1552233691,82.84,5.23,10.57,72.64,100
Pisco,0,PE,1552230000,71.6,6.93,-13.71,-76.2,30
Husavik,44,CA,1552233606,12,8.01,50.56,-96.99,89
Mishkino,0,RU,1552230000,33.8,11.18,56.22,46.62,80
Vredendal,80,ZA,1552233692,64.75,4.38,-31.68,18.49,84
Nong Chik,44,TH,1552233695,76.9,2.89,6.84,101.18,83
San Quintin,8,PH,1552233695,64.03,1.99,17.54,120.52,82
Valkeala,0,FI,1552233430,23,6.93,60.94,26.8,73
Dingle,80,PH,1552233696,75.95,4.5,11,122.67,88
Mackay,5,CA,1552230000,6.8,4.7,53.65,-115.58,77
Nanakuli,1,US,1552233719,73.4,6.93,21.39,-158.15,68
Kopavogur,0,IS,1552233605,35.6,5.82,64.11,-21.91,64
Payson,75,US,1552233484,36,2.37,40.04,-111.73,100
Prabumulih,76,ID,1552233740,75.55,4.38,-3.5,104.19,83
Polunochnoye,8,RU,1552233741,27.98,10.87,60.87,60.43,70
Campohermoso,0,ES,1552233315,64.4,6.93,36.94,-2.13,68
Codrington,24,AU,1552233513,78.8,5.82,-28.95,153.24,88
Kon Tum,20,VN,1552233741,72.31,2.04,14.36,108,69
Sept-Iles,75,CA,1552230000,19.4,10.29,50.2,-66.38,62
Cap Malheureux,40,MU,1552233548,78.8,3.36,-19.98,57.61,78
Mandalgovi,0,MN,1552233742,20.06,9.04,45.76,106.27,59
Nenjiang,20,CN,1552233742,29.47,11.27,49.17,125.23,40
Khatanga,56,RU,1552233742,-6.9,8.93,71.98,102.47,59
Cabudare,0,VE,1552233743,81.49,2.89,10.02,-69.27,60
Rio Grande,90,BR,1552230000,75.2,16.11,-32.03,-52.1,50
Ust-Tsilma,88,RU,1552233743,30.95,7.58,65.44,52.15,83
Araxa,0,BR,1552233599,84.41,9.04,-19.59,-46.94,67
La Seyne-sur-Mer,0,FR,1552233573,71.01,19.46,43.1,5.88,40
Derzhavinsk,32,KZ,1552233744,21.46,11.77,51.1,66.31,84
Mehamn,40,NO,1552233000,21.2,6.93,71.03,27.85,72
Katsuura,75,JP,1552233284,53.01,8.05,33.93,134.5,93
Nyagan,12,RU,1552233695,31.31,8.37,62.14,65.43,85
Kamaishi,56,JP,1552233744,37.57,7.07,39.28,141.86,81
Manaus,75,BR,1552230000,75.2,10.29,-3.13,-59.98,88
Lata,0,IN,1552233745,35.45,0.81,30.78,78.62,100
Khash,0,IR,1552233745,45.08,10.42,28.22,61.21,49
Itaocara,0,BR,1552233725,93.91,5.57,-21.67,-42.08,47
Jorpeland,0,NO,1552233723,39.2,6.93,59.02,6.04,44
Kuryk,8,KZ,1552233746,50.48,16.64,43.18,51.68,62
Bulungu,8,CD,1552233746,92.2,4.27,-4.54,18.6,62
Palana,44,RU,1552233746,-0.33,1.03,59.08,159.95,62
Severo-Kurilsk,48,RU,1552233747,24.65,18.54,50.68,156.12,100
Dembi Dolo,48,ET,1552233747,87.52,3.78,8.53,34.8,27
San Ramon,40,NI,1552233668,70,18.34,12.92,-85.84,73
Marsa Matruh,0,EG,1552230000,66.2,8.05,31.35,27.25,37
Vavuniya,0,LK,1552233748,78.56,9.26,8.76,80.5,64
Gimbi,56,ET,1552233748,72.22,0.36,8.81,37.79,31
Los Llanos de Aridane,20,ES,1552233606,69.8,13.87,28.66,-17.92,64
Iqaluit,20,CA,1552233168,-11.01,3.22,63.75,-68.52,69
Cabanbanan,20,PH,1552233749,75.68,2.55,10.18,122.9,83
Norman Wells,20,CA,1552230000,-5.81,2.24,65.28,-126.83,83
Clyde River,1,CA,1552230000,-18.41,4.7,70.47,-68.59,75
Inongo,12,CD,1552233750,85.54,3.83,-1.93,18.29,68
Muravlenko,92,RU,1552233750,26.59,15.3,63.79,74.5,90
Caorle,20,IT,1552233733,57,5.82,45.6,12.88,71
Riyadh,0,SA,1552233600,66.2,3.36,24.63,46.72,15
Maniitsoq,20,GL,1552233800,11.78,6.8,65.42,-52.9,92
Srednekolymsk,64,RU,1552233800,-5.05,2.21,67.46,153.71,67
Walvis Bay,0,NA,1552233781,75.2,13.87,-22.95,14.51,44
Qaanaaq,48,GL,1552233800,-8.47,4.23,77.48,-69.36,93
Verkhnevilyuysk,36,RU,1552233801,6.97,3.11,63.45,120.31,76
Rome,75,IT,1552233632,59,11.41,41.89,12.48,76
Duekoue,12,CI,1552233801,92.51,4.27,6.74,-7.35,50
Saint-Francois,0,FR,1552233693,59,14.99,46.42,3.91,51
Podgornoye,64,RU,1552233802,24.61,11.16,57.79,82.64,61
Saint-Pierre,75,FR,1552233726,55.99,29.97,48.95,4.24,61
Byron Bay,68,AU,1552233625,78.8,12.75,-28.65,153.62,88
Ilulissat,75,GL,1552229400,12.2,11.41,69.22,-51.1,78
Kaitangata,0,NZ,1552233803,55.66,16.08,-46.28,169.85,77
Cukai,24,MY,1552230000,78.8,2.48,4.25,103.42,94
Sheregesh,0,RU,1552233807,7.73,2.21,52.93,87.98,70
Kargat,48,RU,1552233807,16.87,13.4,55.19,80.28,80
Makakilo City,1,US,1552233333,73.4,6.93,21.35,-158.09,68
Birao,0,CF,1552233807,96.65,7.92,10.3,22.78,15
Kawalu,68,ID,1552233807,65.92,1.81,-7.38,108.21,95
Klaksvik,56,FO,1552233000,35.6,3.36,62.23,-6.59,97
Socorro,12,PH,1552233618,70,2.21,13.06,121.41,89
Minsk,75,BY,1552230000,37.4,8.95,53.9,27.56,86
Beloha,8,MG,1552233809,83.78,17.92,-25.17,45.06,44
Ayagoz,76,KZ,1552233809,22.36,1.48,47.96,80.43,73
Benoy,0,RU,1552230000,51.8,2.24,43.06,46.02,53
Bayanday,0,RU,1552233809,10.43,6.06,53.07,105.52,67
Cayenne,100,GF,1552230000,84.2,17.22,4.94,-52.33,74
Ewo,32,CG,1552233810,84.82,3.83,-0.88,14.81,72
Cedral,0,MX,1552233810,57.91,3.22,23.82,-100.72,42
Half Moon Bay,40,US,1552233764,48.99,6.93,37.46,-122.43,87
Vila Franca do Campo,75,PT,1552231800,64.4,9.17,37.72,-25.43,82
Itacoatiara,56,BR,1552233623,85.18,6.4,-3.14,-58.44,73
Palauig,0,PH,1552233811,71.36,3.38,15.44,119.9,100
Pacifica,40,US,1552233802,48.99,6.93,37.61,-122.49,87
Kloulklubed,75,PW,1552229640,77,4.7,7.04,134.26,88
Male,92,UA,1552233812,38.65,14.63,50.74,33.7,94
Dong Xoai,24,VN,1552233812,77.66,6.8,11.53,106.92,67
Samarai,92,PG,1552233813,77.93,5.01,-10.62,150.67,100
Yerbogachen,64,RU,1552233813,12.46,7.52,61.28,108.01,59
Ust-Ilimsk,56,RU,1552233813,17.81,6.8,57.96,102.73,56
Acajutla,0,SV,1552233691,77,4,13.59,-89.83,73
Port Hedland,0,AU,1552230000,84.2,3.36,-20.31,118.58,79
Port Blair,0,IN,1552233814,83.06,12.06,11.67,92.75,99
Straumen,40,NO,1552233784,30,4.7,63.87,11.3,58
Muros,75,ES,1552233812,59,4.7,42.77,-9.06,93
Roald,40,NO,1552233687,35.6,10.29,62.58,6.12,69
Cabo San Lucas,5,MX,1552233682,71.01,3.36,22.89,-109.91,73
Salalah,0,OM,1552233000,78.8,3.36,17.01,54.1,57
Atbasar,76,KZ,1552233860,20.47,11.32,51.81,68.36,84
Loma Bonita,0,MX,1552232795,79,4.38,18.11,-95.88,83
Aras,48,YE,1552233861,68.03,3.33,14.28,44.38,35
Pangai,76,TO,1552233861,82.3,14.34,-19.8,-174.35,95
Santa Isabel do Rio Negro,80,BR,1552233676,79.73,2.55,-0.41,-65.02,88
Great Falls,1,US,1552233727,18,9.17,47.5,-111.29,72
Axim,0,GH,1552233862,83.56,9.93,4.87,-2.24,96
Maningrida,88,AU,1552233862,78.25,7.02,-12.05,134.23,97
Mount Gambier,90,AU,1552230720,59,6.93,-37.83,140.78,100
Minab,0,IR,1552231800,69.8,18.34,27.15,57.07,46
Guerrero Negro,92,MX,1552233866,53.9,7.85,27.97,-114.04,98
Changji,0,CN,1552233866,43.87,3.56,32.07,116.17,79
Ahipara,76,NZ,1552233802,57,4.56,-35.17,173.16,100
Yabrud,0,SY,1552233600,59,17.22,33.97,36.66,38
Formosa,90,AR,1552230000,73.4,9.17,-26.19,-58.17,78
Tucuman,0,PE,1552233867,72.35,3.78,-17.17,-70.89,70
Salinopolis,88,BR,1552233867,76.4,1.1,-0.61,-47.36,100
Kokopo,92,PG,1552233868,75.37,6.51,-4.34,152.27,100
Lincoln,1,US,1552233603,30,11.41,40.8,-96.67,68
Nizwa,0,OM,1552233868,65.78,7.92,22.93,57.53,11
Winston,20,GB,1552233960,50,17.22,52.21,1.19,96
Abrau-Dyurso,20,RU,1552230000,50,22.37,44.7,37.6,87
Nyurba,8,RU,1552233869,8.05,4.9,63.29,118.35,65
Lensk,56,RU,1552233869,12.41,6.85,60.71,114.91,64
Gat,0,SN,1552231800,93.2,12.75,14.69,-16.54,24
Sao Felix do Xingu,12,BR,1552233869,85.36,2.77,-6.64,-51.99,75
Velyka Mykhaylivka,0,UA,1552233870,51.97,19.55,47.08,29.85,39
Kang,20,BW,1552233870,87.61,7.29,-23.67,22.79,31
Southbridge,90,US,1552233847,34,8.05,42.08,-72.03,87
Ventspils,90,LV,1552231200,32,9.17,57.39,21.56,100
Llanes,88,ES,1552233714,54,4,43.42,-4.75,99
Andra,36,RU,1552233871,31.54,8.93,62.52,65.89,85
Kutum,0,SD,1552233871,79.73,9.53,14.2,24.66,18
Villamontes,44,BO,1552233871,67.18,3.49,-21.26,-63.47,78
Dunmore East,44,IE,1552233714,43,3,52.15,-6.99,72
Sioux Lookout,90,CA,1552230360,26.6,10.29,50.1,-91.92,92
Port Macquarie,90,AU,1552233845,73.99,2.24,-31.43,152.91,100
Vestmanna,80,FO,1552233000,35.6,3.36,62.16,-7.17,100
Dawei,0,MM,1552233873,72.31,2.48,14.07,98.19,73
Tigil,44,RU,1552233920,5.3,3.56,57.8,158.67,57
Dunhua,56,CN,1552233920,25.96,3.89,43.37,128.23,79
Leningradskiy,44,RU,1552233920,-10.45,4.23,69.38,178.42,70
Mysliborz,92,PL,1552233917,46,4.23,52.92,14.87,79
Coolum Beach,12,AU,1552233638,75.99,6.8,-26.53,153.09,84
Kumluca,0,TR,1552233921,58.81,1.99,36.37,30.29,14
Den Helder,75,NL,1552233909,41,14.99,52.96,4.76,93
Cam Ranh,20,VN,1552230000,86,3.36,11.92,109.15,70
Egvekinot,32,RU,1552233922,-2.62,15.41,66.32,-179.17,68
Kruisfontein,88,ZA,1552233925,67.4,19.37,-34,24.73,83
Itarema,80,BR,1552233926,81.8,8.81,-2.92,-39.92,92
Saint Anthony,1,US,1552233360,21.2,3.6,43.97,-111.68,62
Almeirim,0,PT,1552233907,71.01,12.75,39.21,-8.63,63
Hachinohe,36,JP,1552233609,36,1.01,40.47,141.48,68
Coihaique,0,CL,1552233600,68,3.36,-45.58,-72.07,55
Bocaiuva,0,BR,1552233927,86.03,4.23,-17.12,-43.81,62
Dondo,0,MZ,1552233927,83.29,11.32,-19.62,34.74,67
Eufaula,90,US,1552233620,72,8.05,31.89,-85.15,83
Tobane,40,BW,1552230000,91.4,14.12,-21.91,28.04,38
Linjiang,36,CN,1552233927,26.32,2.33,41.81,126.91,76
Kayerkan,80,RU,1552233928,13.13,27.98,69.35,87.76,80
Tomatlan,0,MX,1552233928,70.28,2.33,19.93,-105.25,74
Margherita,76,IN,1552233928,58.13,2.37,27.29,95.67,79
Fallon,1,US,1552229760,5,5.82,46.84,-105.12,77
Junagarh,20,IN,1552233928,80.59,5.91,19.86,82.94,41
Governador Valadares,0,BR,1552233929,92.47,4.61,-18.85,-41.95,48
Mangaratiba,40,BR,1552230000,91.4,18.34,-22.96,-44.04,70
Pokaran,100,IN,1552233929,78.2,10.65,26.93,71.92,31
Gizo,75,IL,1552233846,62.01,6.93,31.8,34.94,59
Brownwood,75,US,1552233722,57.99,10.29,31.71,-98.99,71
Suratgarh,0,IN,1552233930,65.29,4.9,29.32,73.9,28
Constitucion,20,MX,1552233616,63,5.82,23.99,-104.67,26
Suceveni,0,RO,1552231800,60.8,18.34,46.54,27.65,29
Price,90,US,1552233681,33.01,5.82,39.6,-110.81,84
Bijar,20,IR,1552233931,44.77,9.86,35.87,47.6,32
Talara,0,PE,1552230000,62.6,3.36,-4.58,-81.27,290
Bowen,44,AU,1552233859,73.99,5.82,-20.01,148.25,94
Lorengau,92,PG,1552233931,82.03,12.88,-2.02,147.27,100
Oriximina,92,BR,1552233931,77.62,1.81,-1.77,-55.87,96
Narsaq,8,GL,1552229400,30.2,3.36,60.91,-46.05,54
West Bay,40,GB,1552233916,50,20.8,50.71,-2.76,65
Garhi Khairo,20,PK,1552233932,58.58,5.01,28.06,67.98,96
Laredo,75,US,1552233611,75.2,11.41,27.51,-99.51,78
Kahului,1,US,1552233714,75.2,23.04,20.89,-156.47,60
Port Said,8,EG,1552233980,79.46,12.88,25.34,30.55,15
Griffith,0,AU,1552230000,66.2,5.82,-34.29,146.06,55
Aksu,0,KZ,1552233600,10.4,6.71,52.04,76.93,92
Nicoya,0,CR,1552233600,89.6,24.16,10.15,-85.45,43
Kingman,75,US,1552233812,55.99,4.61,35.19,-114.05,50
Nawa,0,IN,1552233981,68.71,8.75,27.02,75,40
Streator,90,US,1552233908,36,24.16,41.12,-88.84,94
Ancud,0,CL,1552233600,75.2,5.82,-41.87,-73.83,47
Zhanaozen,0,KZ,1552233982,54.4,13.96,43.35,52.85,32
Navirai,8,BR,1552233982,84.41,6.02,-23.07,-54.19,91
San Angelo,90,US,1552233785,57,20.8,31.46,-100.44,66
Marsh Harbour,0,BS,1552233982,75.95,14.97,26.54,-77.06,100
Gushikawa,40,JP,1552233793,66.2,11.41,26.35,127.87,72
Ust-Nera,48,RU,1552233983,-23.37,2.04,64.57,143.24,30
Abilene,90,US,1552233914,46.4,11.41,32.45,-99.73,75
Horta,0,ES,1552233945,72,11.41,41.43,2.16,55
San Antonio,0,CL,1552233600,71.6,9.17,-33.58,-71.61,56
Nago,0,IT,1552233969,64,6.93,45.88,10.89,55
Mirandola,0,IT,1552233948,66,3.36,44.89,11.07,55
Challans,20,FR,1552233814,55.99,17.22,46.85,-1.88,58
Barra do Garcas,75,BR,1552230000,87.8,2.24,-15.89,-52.26,52
Dawson Creek,1,CA,1552230000,17.6,2.24,55.76,-120.23,77
Garh Maharaja,92,PK,1552233987,63.58,4.56,30.83,71.9,65
Lhokseumawe,12,ID,1552233987,79.96,8.41,5.18,97.15,100
Rio Gallegos,0,AR,1552230000,62.6,8.05,-51.62,-69.22,51
Nome,90,US,1552233980,75.2,3.36,30.04,-94.42,94
Puerto Escondido,40,MX,1552232400,82.4,5.82,15.86,-97.07,69
Huangmei,0,CN,1552233988,48.91,5.57,30.1,115.95,89
Exeter,40,GB,1552233974,48.99,20.8,50.73,-3.53,65
Tual,80,ID,1552233989,79.1,15.64,-5.67,132.75,100
Asyut,0,EG,1552230000,75.2,18.34,27.18,31.19,31
Sumenep,0,ID,1552233989,83.78,3.27,-7.02,113.87,96
Datong,0,CN,1552233830,27.58,12.95,40.09,113.3,63
Umm Lajj,0,SA,1552233990,77.48,12.44,25.02,37.27,56
Greymouth,80,NZ,1552233990,60.79,4.83,-42.45,171.21,95
Galveston,90,US,1552233973,37.99,25.28,40.58,-86.19,80
Nantucket,90,US,1552233938,39,19.46,41.28,-70.1,93
Las Vegas,1,US,1552233940,51.01,2.55,36.17,-115.15,39
Bandarbeyla,0,SO,1552233994,79.55,18.14,9.49,50.81,100
Belmonte,0,PT,1552233819,61,3,40.36,-7.35,78
Pacific Grove,20,US,1552233978,48.99,3.36,36.62,-121.92,87
Igarka,76,RU,1552233995,15.07,22.84,67.47,86.57,85
Damghan,0,IR,1552234040,43.96,2.71,36.17,54.34,74
Havelock,20,US,1552233965,77,13.87,34.88,-76.9,65
Mae Hong Son,0,MM,1552234040,66.91,1.81,19.3,97.96,71
Westport,40,IE,1552234023,42.01,24.16,53.8,-9.52,74
Champerico,5,MX,1552232400,84.2,5.82,16.38,-93.6,48
Parabel,80,RU,1552234041,26.41,12.84,58.71,81.5,60
La Paz,20,MX,1552232400,64.4,3.36,24.15,-110.32,55
Vrangel,68,RU,1552234041,33.97,7.14,42.73,133.08,100
Malanje,20,AO,1552234042,82.43,5.35,-9.54,16.35,58
Telimele,0,GN,1552234042,97.73,4.05,10.9,-13.03,21
Sao Joao da Barra,40,BR,1552233600,93.2,9.17,-21.64,-41.05,52
Quime,32,BO,1552234042,60.25,1.99,-16.98,-67.22,63
Linkuva,75,LT,1552231200,35.6,10.29,56.09,23.97,100
Lahaina,1,US,1552233714,73.4,18.34,20.87,-156.68,64
Batagay-Alyta,32,RU,1552234043,-19.99,2.82,67.8,130.41,26
Natal,40,BR,1552233600,89.6,16.11,-5.81,-35.21,52
Mountain Home,1,US,1552233944,33.01,2.59,43.13,-115.69,100
Alamogordo,1,US,1552233805,57.99,3.36,32.9,-105.96,27
Khunti,0,IN,1552230000,75.2,5.23,23.08,85.28,38
Zyryanka,68,RU,1552234044,-8.88,2.33,65.73,150.89,65
Humberto de Campos,64,BR,1552234044,81.22,9.42,-2.6,-43.46,100
Nelson Bay,90,AU,1552233704,78.01,6.93,-32.72,152.14,73
Oistins,40,BB,1552230000,84.2,23.04,13.07,-59.53,62
Leh,20,IN,1552233898,-12.97,0.98,34.16,77.58,59
Taber,5,CA,1552230000,3.2,11.41,49.79,-112.14,84
Falam,0,MM,1552234045,53.77,1.77,22.91,93.68,77
Lazaro Cardenas,90,MX,1552233845,63,5.82,28.39,-105.62,41
Macklin,0,CA,1552234045,-7.89,3,52.34,-109.94,43
Mount Isa,0,AU,1552230000,80.6,5.82,-20.73,139.49,54
Udimskiy,44,RU,1552234046,33.07,13.78,61.14,45.92,88
Kwinana,0,AU,1552233993,73,8.05,-32.25,115.77,88
Tignere,48,CM,1552234046,92.06,9.42,7.37,12.65,20
Madinat Sittah Uktubar,0,EG,1552233774,71.6,11.41,29.82,31.05,37
Barao de Melgaco,40,BR,1552233600,89.6,8.05,-16.19,-55.97,59
Caboolture,0,AU,1552233769,78.01,19.46,-27.08,152.95,83
Kuching,75,MY,1552231800,77,3.36,1.56,110.34,83
Amapa,20,HN,1552233600,86,1.7,15.09,-87.97,58
Keetmanshoop,0,NA,1552234047,78.34,5.91,-26.57,18.15,15
Naron,75,ES,1552233842,57.99,6.93,43.52,-8.15,76
Benguela,44,AO,1552234048,84.68,8.52,-12.58,13.4,90
Comodoro Rivadavia,0,AR,1552230000,87.8,14.99,-45.87,-67.48,15
Padang,75,ID,1552230000,75.2,5.82,-0.92,100.36,94
Yulara,0,AU,1552230000,89.6,6.93,-25.24,130.99,15
Ravne,0,BA,1552233600,64.4,12.75,44.62,17.98,34
Coari,64,BR,1552234049,81.71,3.49,-4.09,-63.14,84
Rognan,20,NO,1552233896,28.4,8.05,67.1,15.4,42
Ron Phibun,20,TH,1552234049,72.35,0.76,8.18,99.85,93
Luanda,75,AO,1552230000,91.4,11.41,-8.83,13.24,63
